,Qsd,Qmax
0,0.018326812315978373,0.12837593236167066
1,0.017793720971301077,0.12475427116299334
2,0.017806514365790206,0.1262780091664479
3,0.018925537279008316,0.13323520912293146
4,0.018303907734246738,0.1289638804261943
5,0.017663304659298534,0.12494920015256306
6,0.017574163406470018,0.12362464343853112
7,0.01803066244453843,0.12741351651021582
8,0.018182010467350105,0.12890559711804986
9,0.017756441832481887,0.12341422216371238
