,Qsd,Qmax
0,0.018156091092737858,0.12723485627863657
1,0.018373202200089887,0.12799113467036538
2,0.017781588398832433,0.12414440801838571
3,0.018485380597389387,0.1284972814898608
4,0.017850572711196933,0.12362301797445194
5,0.019095367071798475,0.1337165560889454
6,0.018592977866066337,0.13003125300761093
7,0.017922781630104228,0.12451525024789402
8,0.018240478038858636,0.12634737174352265
9,0.017804584322288246,0.12424239743365813
